f1c1,f1c2,f1c3,f1c4,f1c5,f1c6,f1c7,f1c8,f1c9,f2c1,f2c2,f2c3,f2c4,f2c5,f2c6,f2c7,f2c8,f2c9,f3c1,f3c2,f3c3,f3c4,f3c5,f3c6,f3c7,f3c8,f3c9,f4c1,f4c2,f4c3,f4c4,f4c5,f4c6,f4c7,f4c8,f4c9,p1c1,p1c2,p1c3,p1c4,p1c5,p1c6,p1c7,p1c8,p1c9,p2c1,p2c2,p2c3,p2c4,p2c5,p2c6,p2c7,p2c8,p2c9,p3c1,p3c2,p3c3,p3c4,p3c5,p3c6,p3c7,p3c8,p3c9,p4c1,p4c2,p4c3,p4c4,p4c5,p4c6,p4c7,p4c8,p4c9,label
1.319238333,1.649932545,1.764590138,1.53409722,1.306506339,2.5149985,1.442239875,2.010884154,1.819086984,6.019771778,7.880917813,9.086046055,6.255531838,6.04823993,7.696927306,5.48039668,8.280900486,6.69308243,147,137,131,153,149,209,169,135,205,0.253733836,0.22749746,0.219995685,0.251718197,0.28649266,0.222850657,0.296570751,0.208522857,0.253299183,16.90071385,17.05153099,17.00335098,17.16921023,17.61102766,17.54317506,17.31363741,17.68254918,16.96334924,3.274277082,3.005224507,2.900589977,3.32204088,3.564633063,2.89330501,3.474876928,2.841786942,3.159449833,2.930429256,2.680290197,2.523395453,2.92314308,3.099033811,2.739408668,3.173853676,2.533516559,2.859804341,6.963826659,6.32657068,6.079566652,7.067435057,7.586586938,6.673703529,7.941843343,6.393910866,7.143419358,0
2.260318278,2.349515563,2.28510235,2.371036091,1.72347523,2.354274105,1.93888901,2.088485613,1.822621205,4.532199757,4.478944966,3.481020555,4.368157447,2.722743369,3.014241208,2.24406457,2.079188523,2.191308846,207,159,167,223,301,141,205,113,202,0.446285031,0.375545649,0.383127,0.448040263,0.665671861,0.447283398,0.559805066,0.496058983,0.596556647,19.11615189,18.68274686,19.21016234,18.64718037,20.51412663,19.51034198,20.26155113,21.23499311,20.01059501,5.225141456,4.370853698,4.467201933,5.118055281,8.876536541,4.439018477,5.672073369,4.866249874,5.632213231,4.31336355,3.470600925,3.340095435,4.355631647,6.54187812,4.111276407,5.115458969,4.291402531,5.716082168,11.08466445,9.268741786,9.545536786,11.34593528,16.47368529,11.42891875,14.53423363,12.59323768,15.57580999,0
0.881155361,0.549112168,-0.009987409,0.481873509,0.616842215,0.255338562,0.236800415,-0.273485042,0.047532341,5.899954179,4.684889759,5.614678245,4.715629054,4.481989313,3.100374165,5.776915416,3.217868525,5.484725446,431,377,281,443,501,357,365,393,323,0.407924939,0.44586795,0.36536939,0.568342186,0.630333142,0.509725673,0.490728201,0.459310402,0.430316672,17.99148235,20.58409225,20.87140758,19.21378261,19.65571374,19.14068319,18.77564851,19.75625269,19.2736921,4.28703369,4.36527307,3.476828246,6.331946579,6.992237054,4.752066877,4.392126436,4.062212603,3.607544539,4.135388337,4.169209444,3.366731129,6.205696026,6.22082393,5.215447767,4.743992516,4.516360131,4.061153952,10.06179892,10.97814075,9.329226476,13.88723271,15.482788,12.92973988,12.18270826,11.89891262,11.18870547,0
0.328329757,0.380961095,0.402018802,0.302958361,0.721227864,0.672094158,0.279889756,0.33811893,0.285034836,1.727734055,2.279153777,1.875376009,1.957639022,1.612989822,2.135125338,1.551550228,1.534939194,1.176919513,342,280,315,360,294,291,346,316,416,0.378536132,0.322733496,0.356786944,0.45433375,0.46471883,0.359547012,0.381980123,0.41605379,0.476524378,16.79736104,16.01993446,16.31124194,16.82491056,17.88608122,15.60113651,16.82633921,16.21582728,17.68225375,5.247389448,4.533308971,4.742040557,6.559706134,5.401883589,4.808158439,4.913527525,5.056682464,5.963718879,3.712504198,3.275649083,3.466960101,4.621551342,4.428396603,3.630853103,3.818312646,3.855603182,4.583378327,9.63905187,8.481400192,9.345719129,10.90296126,11.88101389,9.465511663,10.34705565,10.93648888,12.20653326,0
0.535113378,1.550107903,2.250864408,1.378334852,1.476941379,1.477651575,2.206167031,1.589180419,2.231172936,2.631363308,3.728590404,3.541975896,2.7771819,3.38789135,2.342908336,3.590126711,1.369273433,2.565519392,387,199,159,237,189,243,159,167,111,0.411251097,0.346655411,0.360682347,0.434417108,0.406245358,0.441591885,0.392625983,0.517637456,0.473561634,21.82222713,20.80485905,21.50472205,21.30497834,20.62755382,21.15235448,21.53005361,21.83720946,24.39672252,4.836899194,4.344695708,4.343841094,4.860315797,4.770980125,4.879122143,4.531017393,5.589620383,5.317440134,4.053473466,3.549230273,3.714724487,4.446979075,4.267860773,4.487393613,4.023821845,5.43297609,4.784478791,9.596324044,8.203872305,8.517434856,10.59436049,10.09054321,11.15176099,9.632736399,12.91443343,11.05296079,0
3.883324469,3.052440071,2.507216368,3.060367603,2.510696274,2.473807088,2.276684164,2.00860187,2.044951399,17.52466846,10.26096535,6.322822058,10.23586977,7.843119592,7.263538668,4.780062403,4.821718113,4.443354998,1671,1313,1061,1457,1491,1361,987,1225,995,1.733812714,1.6571201,1.589979267,1.695203175,1.662619876,1.598583165,1.64293203,1.546252387,1.500495774,14.38360586,15.33613517,16.1365748,14.78085669,15.17925297,15.27330798,15.71322414,15.44980035,15.65935295,6.051198613,5.487854335,5.058201299,5.825992435,5.535223491,5.186642315,5.436303948,4.959959637,4.715954256,9.102297825,8.173737001,7.54548566,8.660168566,8.211666349,7.68524025,8.024410197,7.266064931,6.897727216,50.91555808,45.6665357,41.67348975,48.20248802,45.73799979,42.25435009,44.58818883,39.23523041,37.37080751,0
0.64883437,1.246320757,1.697876697,0.832368381,0.972031872,1.801774882,1.26215618,1.851206237,1.205108902,1.394322893,2.467737862,3.462281366,1.167307406,1.569412013,2.302243626,1.811318397,2.61459592,2.035027452,321,239,235,283,313,167,295,171,231,0.46922686,0.357068465,0.295818548,0.524636134,0.528327348,0.347182512,0.528937478,0.344461907,0.445924694,19.13247867,17.60159995,16.88194289,18.68102803,19.01526964,17.12236117,19.06214741,17.62769776,18.70501579,4.625392692,3.840256048,3.427229145,4.994573334,4.853611813,3.724683991,5.125478267,3.695722602,4.580811754,4.171786327,3.299245986,2.916635547,4.512622299,5.119343161,3.237750451,5.420307823,3.257519574,4.511282387,12.57100039,9.614178773,8.467632076,13.81879184,13.99962225,9.805332161,13.58076954,9.787066223,11.60436599,0
-0.423362496,-0.376196698,0.058738101,-0.126618461,0.148355961,0.212446616,0.218931239,0.123748952,0.215745268,0.490629033,0.827797379,0.939402642,0.528213229,0.438209568,0.563134163,0.712654995,0.821839213,0.729250651,394,310,446,443,466,401,409,431,335,0.608437145,0.533216546,0.513310144,0.630222502,0.596091151,0.541442714,0.46564988,0.579632702,0.437078969,24.11659473,23.58763534,22.69585089,22.7923153,23.61672726,21.59901096,21.98471684,22.26172394,22.90337355,6.20444581,5.638694188,5.282752396,5.382002536,6.1641705,4.826246625,5.012717915,5.543540638,4.655101068,5.374256491,4.825181138,4.636729161,5.56150702,5.230484994,4.974585716,4.118947859,4.991568741,3.973958448,15.74803703,13.79793849,13.53560584,17.38574252,15.06594133,14.71486052,12.01974568,15.6057422,11.25573968,0
1.00369065,0.818144276,1.225233002,1.340084584,1.628513307,1.405953184,1.335616141,1.298893083,1.049816428,23.85926603,7.300013854,8.428281464,18.60762498,24.05935179,27.66331701,30.67554122,18.11712714,36.57470924,284,244,230,292,336,248,258,180,212,0.117861276,0.219712919,0.173943096,0.10520808,0.166133096,0.083056672,0.086051812,0.097845155,0.067847151,12.47400497,17.36301405,16.76889303,11.70406625,13.57870606,11.46784546,11.14509645,12.77974357,11.24069519,2.011547689,2.942005817,2.46558348,1.758851525,2.484464292,1.46742142,1.458531046,1.540418632,1.155403356,1.768515284,2.466023279,1.977581918,1.505283869,2.304880843,1.167177169,1.303539114,1.237442372,0.967951182,4.285116049,6.390283396,5.459371171,4.023043701,5.701768312,3.363561608,3.48721038,3.622128986,2.847913498,0
2.480298938,2.159353809,2.323685354,1.121080929,2.003411429,1.788438191,2.149193764,1.761871082,1.609206652,18.62308425,10.3098715,8.216350304,8.650170765,6.963433046,5.249330977,8.588486494,3.839330126,4.179160694,292,242,256,370,363,338,301,347,347,0.24241489,0.294462844,0.297114616,0.33878844,0.475227055,0.390509703,0.394417746,0.425959433,0.496105477,16.80060195,18.34216384,18.75989915,17.07614776,19.52802237,18.52606958,16.62921856,19.62248581,19.2879752,2.99934407,3.302888558,3.323066696,3.469795185,5.226496412,4.02133477,4.153689886,4.287790569,5.29735508,2.657091679,3.053975798,2.977779955,3.463879487,4.970673764,3.954076249,4.330297632,4.324807131,5.319504035,7.028375168,7.807481155,7.744910906,8.943802169,11.62464502,10.00766603,9.858502491,10.7894892,12.12241909,0
-1.05045004,-0.751792913,-0.324439237,-0.386552533,-0.380367462,0.35682498,0.013555861,0.739520153,0.073309419,2.254189924,2.651458604,2.391154109,1.995489432,2.11587515,2.303795756,1.9643163,2.465964632,1.766754564,267,279,355,449,389,343,410,249,327,0.388228144,0.325231038,0.339480512,0.462012317,0.418669853,0.410998138,0.400763495,0.338459086,0.393639324,20.08136671,19.22934076,19.73042831,20.32314938,19.69460178,19.3567565,19.60901,19.29628443,22.66018825,5.223083964,4.482153564,4.411268448,6.637303225,6.037018935,6.158280905,5.080082805,4.84251775,4.497443905,3.945153812,3.325954435,3.316660592,4.681254039,4.165741788,3.974016942,3.915323969,3.518240415,3.663061418,8.652172859,7.637838927,7.812714451,10.05667473,9.655045088,9.174335434,9.452225757,7.813281007,9.513969164,0
0.854949208,1.746871895,2.1734445,2.416270097,1.165091991,2.580319716,1.728585153,2.053215164,1.435139162,1.873385966,3.339419371,3.706869576,3.238381544,2.087242236,3.606307081,2.61418361,2.788561474,2.224580541,304,129,131,101,203,83,107,111,165,0.455777275,0.344939845,0.301994856,0.342749271,0.497085456,0.296028819,0.39801842,0.33450212,0.41677023,21.98775221,20.07430163,19.80430774,19.11788307,21.3661303,19.1698593,20.25199562,20.40806608,21.32706464,5.060952147,3.953362095,3.557617537,3.7754141,5.542593228,3.397757419,4.338655603,3.660387635,4.6386067,4.920224816,3.663748281,3.242715008,3.648846577,5.295621986,3.115311914,4.108958361,3.488065295,4.197420373,11.14030539,8.663783092,7.593383224,8.786553212,12.30165114,7.455517829,10.20803467,8.165405641,10.59549126,0
0.648466176,1.189158294,0.772159125,0.224312875,0.527308633,0.245674137,0.015411086,-0.240649904,0.015001513,3.438601057,5.742822516,4.359927776,2.862149499,3.351236939,2.343569676,2.525938457,1.874491063,1.890473416,298,225,269,364,388,348,266,408,348,0.30840149,0.220330361,0.247897238,0.396066747,0.442026445,0.370551891,0.361292586,0.427010687,0.35806541,16.26901822,15.36687364,15.873858,17.01872981,16.73404075,16.60726157,16.89477923,18.51304069,17.06801744,3.172717395,2.490113897,2.709587523,3.950396828,4.323202172,3.492273047,3.606153949,3.868751767,3.531652361,3.24121779,2.488765621,2.7248403,3.853615324,4.459121368,3.600931687,3.698968949,4.015562793,3.647585376,8.563284691,6.564075164,7.10032115,10.2881578,11.861622,9.940707317,9.807746574,11.04523381,9.61727895,0
0.801613433,2.137611837,3.484717452,1.820231513,1.986270773,2.371926626,2.052093785,2.529250547,1.944740049,7.608710924,7.309074302,6.475515861,4.251560322,7.218746883,3.823898129,4.942326792,7.188041105,5.795999731,280,141,81,219,281,141,174,182,200,0.369763427,0.325052514,0.327106224,0.446218995,0.456388525,0.414921774,0.37075064,0.27118191,0.358335,22.31278416,21.62469127,21.51340407,23.69067448,22.98225645,24.06104951,22.67053886,21.22871659,22.31215315,4.555240407,4.035320185,4.216083045,5.773038513,6.078561103,4.825262585,4.83915025,3.21306021,4.256165659,3.601157145,2.954074889,2.92466096,4.080001136,4.211190399,3.682905263,3.392012016,2.383589679,3.22944666,8.240125089,7.386928006,7.744226602,10.05834158,10.48340808,9.930673257,8.742450786,6.771937246,8.771888165,0
2.492667502,1.62973162,1.462948593,1.901728648,1.900557759,2.248184322,1.495151008,1.781406916,1.431968918,11.67375698,7.523068706,7.241785303,5.220003442,5.877808487,5.150731143,3.763646953,3.87894163,2.95148362,1755,1297,1033,1481,1679,961,1467,751,1179,1.732116598,1.505293401,1.156313339,1.665394737,1.713649145,1.366603328,1.606919687,1.177742777,1.427776102,14.13034441,14.54243582,14.98001989,14.61696613,14.65098185,15.05959251,14.86348716,16.11560446,15.836787,6.056727181,5.182270919,4.438211413,5.964296148,6.108326346,4.79483608,5.749486589,5.36400541,5.448199297,8.47242394,6.445206973,4.692737909,7.56717879,8.033314408,5.509861257,7.227453634,5.201266219,6.132714112,45.28394695,33.91534108,22.60703966,40.77479852,43.19118795,28.84407638,37.98656861,23.71241231,30.6171895,0
0.225209851,0.509469686,1.007010943,0.417160704,0.332809499,0.800133335,0.455457143,0.913003045,0.574163585,0.734637342,1.636364076,1.726021656,0.730137417,0.89534185,0.834486679,0.904740827,0.986535118,0.860064441,573,321,330,508,527,349,500,325,394,0.611870082,0.516456567,0.418008432,0.640435253,0.618549914,0.522815116,0.576971211,0.505838223,0.600589307,23.48651514,20.49004326,20.42081131,21.89759328,23.40796567,21.36181704,21.40665057,20.64990095,22.02000479,6.577978466,5.503219587,4.430874662,6.917463716,6.446089035,5.755531442,5.564129409,5.366509697,5.651078312,5.544074995,4.422162738,3.844747755,5.772083124,5.641616055,4.683677103,5.508364601,4.647882981,5.647465995,15.54485653,13.22129394,10.62428642,16.5546606,16.02426866,13.40682256,15.01253537,12.94480029,15.69102668,0
1.000143948,0.746479571,0.839753523,1.046410243,1.123083491,1.370112769,0.954855408,0.863690477,0.834972272,3.243215942,3.729667063,4.222739995,4.385364551,4.013915478,3.144326045,3.388178426,2.993102569,3.032247133,191,244,300,319,260,109,262,232,290,0.309496071,0.297564816,0.271303741,0.355799237,0.279607093,0.326493701,0.316907779,0.330142016,0.319030236,17.37586638,17.65049471,19.00844157,18.4790372,17.87465916,19.71302951,19.69151728,22.35750835,21.0442971,4.305598319,3.789434318,3.265566954,4.099349079,3.53086397,3.604087855,3.499355602,3.409512317,3.399800639,3.016627867,2.840295548,2.539532278,3.212969709,2.738227759,2.838978103,2.983108194,2.90504981,2.893111879,8.090424866,7.943526411,7.105510483,9.339060449,7.806635655,8.451572319,8.164988796,8.138484473,8.052641598,0
1.18950384,1.597072435,1.904322139,1.447118203,1.330969755,1.868356913,1.735315051,1.799812894,1.847783589,2.446825055,3.247208577,3.642973162,3.248441812,4.715298136,2.670980272,2.805752673,2.610284404,2.362937905,196,158,134,174,121,116,143,120,114,0.350055061,0.266743719,0.220782295,0.24685638,0.219576806,0.251453988,0.285696127,0.246571288,0.288792088,18.66464068,18.01942659,17.31053778,17.26301769,15.85144495,17.31123874,16.94476992,17.1094205,16.78618723,4.407030086,3.806295798,3.358200646,3.315184099,3.123880017,3.418313284,3.785191708,3.227622656,3.749675133,3.764263878,2.687929713,2.197062869,2.639759659,2.545375646,2.535146656,3.051983695,2.475035892,2.796395494,8.540391343,6.849024849,5.969814952,6.724819787,6.754897481,6.915585919,7.775772093,6.832392338,7.719620834,0
0.095239971,0.330685061,0.594051111,0.31964992,-0.242328355,0.657241346,-0.085695404,0.519581272,-0.142519862,5.32471076,5.744494988,4.40907719,4.204821245,3.163704865,3.421702079,2.10782565,1.94790268,1.982603629,296,264,289,248,335,266,388,334,404,0.268193735,0.233510145,0.26351893,0.332045913,0.338626355,0.306497759,0.438705669,0.418976087,0.457155059,18.90090375,18.05976856,17.89959507,20.22223396,18.71008586,19.46852655,20.79081684,21.76002146,21.45107285,3.190525406,2.655133678,2.810641263,3.720189668,3.41299412,2.995564043,4.230114955,3.810497921,4.718383398,2.512835491,2.053226518,2.348265269,2.90892126,3.072681922,2.615476123,3.896241953,3.559514952,4.182956521,6.504142687,6.056783433,7.142909688,8.236415757,8.412382879,8.329184515,10.69146737,10.93030224,11.56859643,0
-0.254581367,0.028296199,0.01580638,0.435121015,-0.04500467,0.766116763,-0.259233253,0.79020161,-0.036049184,1.473226134,1.635328328,1.723824498,1.137775826,1.594274766,1.11696704,2.037241293,1.2146498,2.11961889,409,411,395,411,551,332,391,296,747,0.471761848,0.478030628,0.453432366,0.523321013,0.683453574,0.517466299,0.536342119,0.502603954,0.761206063,26.08781277,26.28546252,26.42464548,27.03710279,26.047991,28.46928674,25.60386737,29.75746708,24.26930527,4.768956012,5.015020527,4.892743362,5.170399134,9.220598603,4.941025682,6.647292812,4.795366207,20.33460098,3.890798875,4.028051614,3.764525068,4.391313892,5.468743087,4.442595756,4.324144371,4.253279175,4.741308315,11.18321214,11.17168432,10.47339183,12.71416856,15.96041838,12.93513622,12.78317245,12.33001529,15.05017091,0
-0.085841798,-0.061260191,0.048352287,0.09865673,-0.008977979,0.068400889,-0.15818252,0.296156617,-0.245259444,1.996071229,1.857582643,1.859363488,1.161171526,2.364372399,1.257179936,1.386490296,1.274842543,1.940064399,315,268,384,378,289,414,429,255,343,0.406139059,0.377985368,0.400027838,0.475840256,0.346994911,0.463789979,0.574734813,0.428695864,0.50502078,20.6465214,21.31269999,21.86683212,21.87829579,17.87050728,23.01519323,23.46280407,22.03895557,22.77000915,4.704399785,4.34459101,4.327387485,5.347988576,4.092391758,4.790788002,6.088322213,4.119021009,5.983834351,4.00018562,3.743991933,3.461621904,4.596691717,3.353743377,3.997084504,5.400259106,3.767319537,4.49514572,10.52448145,9.915284117,10.52775656,11.66823544,9.792587887,11.95101398,14.80210343,11.29872081,12.88632151,0
-0.979728751,-0.547378535,-0.176974528,-0.304526979,-0.808177739,0.206677547,-0.485826301,0.192771687,-0.231062258,2.219010536,1.814576786,1.71725073,1.711306507,1.458073422,1.391708661,1.342577122,1.515940053,1.597475112,273,375,424,464,344,480,468,423,410,0.461506164,0.510945758,0.541347726,0.543379477,0.550599213,0.571233116,0.565603344,0.534148712,0.517198649,24.22119783,25.9387525,26.46243344,25.23252299,24.99110672,26.52957983,26.08056811,26.48886624,25.40337298,4.181983214,4.842534944,5.066313293,5.069896651,4.874483137,5.37895904,5.097830453,4.978461747,4.514196872,3.512372029,3.733580394,4.064336121,3.927739608,4.17128083,4.101352454,4.633688696,3.999931072,4.223560603,11.73090728,12.46909139,13.39612319,13.93479159,14.03376923,14.52031416,14.13061887,13.60565984,13.2998709,0
1.522966304,3.941039441,3.64417402,3.045636855,1.335678119,3.630065037,2.191672114,2.993786765,2.285053718,4.791322898,13.15551706,13.50022034,7.524716966,3.063190299,10.40901545,6.007746719,9.672805864,6.714845566,193,169,175,211,216,169,181,143,177,0.255845335,0.141453183,0.139323269,0.20686419,0.360321222,0.167149727,0.216680677,0.172693258,0.209887337,18.1591561,16.621036,16.88529627,17.67093524,19.44581362,17.39315941,18.29064107,18.01339794,18.95232886,3.213989537,2.226842814,2.213439988,2.760576029,3.980179005,2.247631058,2.74021953,2.257294234,2.652332394,2.657749563,1.715586054,1.593575443,2.209526884,3.189901513,1.975135702,2.292975384,1.939206583,2.194975974,7.129983341,4.670309393,4.448503977,6.123237034,9.501804825,5.146962181,6.479905853,5.267332953,6.197521026,0
1.440944634,1.999474922,2.561453283,1.254561482,1.236088687,1.950557401,1.50494681,1.934176655,1.45489566,2.444020507,3.764967797,7.200767953,3.430072068,5.571067829,4.025631441,2.404129362,6.698247907,3.866685022,263,227,181,217,170,171,289,119,169,0.454074354,0.353979301,0.228813845,0.429739367,0.282547928,0.328962169,0.403227114,0.24048802,0.314025546,19.8786399,19.39701484,17.33009324,17.37745998,15.50847514,17.82449154,19.31732492,17.08035186,19.50051814,5.671199044,4.281918544,3.083151482,4.807962635,3.461271659,3.617119603,4.302548912,3.020195745,3.420692755,4.613416089,3.392165912,2.505919667,4.376855055,3.183411308,3.471954327,4.185892154,2.73002752,3.197033921,10.85001572,8.853082762,6.377493325,11.05383357,8.480300476,8.928641594,10.32686187,7.123259951,8.403671917,0
-0.355558017,0.064547457,-0.065122893,-0.017836102,-0.086368512,-0.186377063,-0.258267916,-0.113301645,-0.280963085,2.458465721,2.826576968,2.421079151,1.902623183,1.756649218,2.326804761,1.480656074,2.206117635,1.316539819,326,348,340,438,443,363,436,358,409,0.456345432,0.435940614,0.435517768,0.523073358,0.551580435,0.447149738,0.551448369,0.432451855,0.547600018,28.7548244,28.78882494,27.77589932,30.40751786,27.95272558,25.83580219,28.8971094,25.35231697,28.77819114,5.092825053,5.052153104,5.32729375,5.475029746,5.9278887,5.244325214,6.261512742,5.107766032,6.090431518,3.361444754,3.110077174,3.082083077,4.154934261,4.40214858,3.618995585,4.219457248,3.521910296,4.403025185,9.829438783,9.220876011,9.265084375,11.7664836,12.47949262,10.09913181,12.63787208,9.716893897,12.83915852,1
-0.383976687,-0.647246034,-0.192507387,-0.88620563,-0.491846599,-0.229115786,-0.380279347,-0.255824672,0.294731861,2.734116187,2.754635587,2.196227471,1.757962957,1.942180577,2.330527798,3.23163821,2.23145139,2.301591946,279,229,267,233,295,225,213,201,301,0.322922643,0.289353392,0.312815432,0.342647161,0.39320147,0.271181832,0.338048873,0.27009426,0.379952394,19.70589616,20.02108245,20.61005059,20.33107733,21.45068904,19.34763417,20.76487114,20.28512961,22.06125551,3.960125125,3.556305635,3.295113678,3.46549896,4.703210042,2.722116892,4.019284333,2.711570455,3.831786313,3.203847497,2.926338117,3.178745976,3.354117606,3.82657456,2.818693742,3.475761686,2.707311869,3.45765341,8.498303502,7.96794749,8.677594784,9.116333289,10.00950112,7.685351034,8.725418628,7.272104716,10.3096503,1
0.503567585,0.784230755,0.480193072,0.533747437,0.164006043,0.37431436,0.061659557,0.067412503,-0.12430966,1.518299668,1.498824403,2.389771832,1.585698739,1.665390544,1.65564565,1.386284975,2.07922527,1.768276775,506,414,426,504,530,530,548,504,512,0.663241782,0.624402933,0.477150241,0.655568691,0.584966889,0.644768759,0.604325232,0.619028313,0.513174763,24.92209605,25.92555925,21.45463299,22.22840672,23.1332743,21.28304194,22.26969563,20.34198994,20.42536348,6.541039092,6.44866573,5.187346778,6.45847963,6.332576431,6.446495944,6.338511847,6.101248106,5.592632519,5.702552825,5.232127115,4.154289033,6.234392679,5.314501385,6.225238649,5.412566932,6.372277149,4.697095048,16.46005096,14.93845782,11.61002727,16.63487035,14.77092381,16.36400651,15.55728095,15.79156211,13.42444167,1
-0.275315449,-0.457281305,-1.041904761,-0.625302819,-0.632507081,-1.304568863,-1.073602621,-1.536802395,-1.333783988,3.220066631,3.571554653,4.352221345,3.102365403,3.208812784,3.834308743,3.352473359,4.727054024,3.870751298,385,315,260,388,309,214,246,176,226,0.513253228,0.46873263,0.40382151,0.577121302,0.472547015,0.406879183,0.422465561,0.353100901,0.384196509,30.21075109,29.91792087,27.76173848,27.5854817,29.48322853,27.14977101,28.02314311,26.68011856,27.1319629,5.317598443,4.628301358,4.035699743,6.563429325,4.320127109,4.030136632,3.888403876,3.550778035,3.741392696,4.515462172,3.883984419,3.374822911,5.380519062,3.811879895,3.39647898,3.437362939,2.885660361,3.154279713,11.5944897,10.49566194,9.194902338,13.82568153,10.79575523,9.279237726,9.696822624,8.230920183,8.733619476,1
0.068711843,0.109317596,0.41180398,0.316724632,-0.023290231,0.623480276,0.138731307,0.639272515,0.352956838,1.794240163,1.749679318,1.688540862,1.039473597,1.301867076,1.323391714,0.934469728,1.156094739,0.764800955,376,414,418,372,482,368,398,378,496,0.475581809,0.4315782,0.43673993,0.489339762,0.544408851,0.425087366,0.589600075,0.483094233,0.662116585,19.95058118,20.29298654,20.31256433,19.23396945,20.15064134,18.27315856,21.19567381,18.65634033,22.32211086,4.183485171,4.193415564,4.441316876,4.318358541,4.824397284,4.125704822,5.436883391,4.603292066,6.662120931,4.033477269,3.829820674,4.072411162,4.55489663,4.68648862,4.348100262,5.139805462,5.063260857,6.625225449,12.89517643,11.40280507,11.5319369,13.16041317,14.36394099,11.30681402,15.70013616,12.48292842,17.33470576,1
2.991476603,1.769967867,0.875545205,1.401516828,2.26853939,0.694958074,1.26250698,1.349614576,1.298155034,29.25673828,11.99946754,10.05217512,15.74542185,15.10319097,23.17852475,14.98096019,16.56922498,11.28128974,467,537,467,731,599,619,581,591,387,0.490113846,0.665854563,0.676718239,0.878632022,0.736183115,0.841133756,0.771933583,0.786570885,0.635118606,17.70479396,22.04324932,23.25559293,22.1965082,19.92515181,22.1475362,20.94029348,22.9725124,21.1182407,4.948629864,6.854617144,7.00067035,8.539250513,7.910806673,8.412016776,8.67764808,7.652239554,6.764478354,4.61707219,6.270057084,6.383132408,9.176564907,7.70440503,9.087886038,8.607201895,8.592911754,6.565341695,13.13806826,18.00619187,18.27978383,24.98644356,19.79292374,23.42305237,20.49602544,21.55417097,16.5741998,1
-0.348932186,-0.214367323,0.433287273,0.214420615,0.374560325,0.564072253,0.900755087,0.6701895,0.93138558,1.233341676,1.828810689,2.882258114,1.606003426,0.744490551,2.609051192,1.405518461,2.660983402,2.138972157,455,337,281,432,608,398,301,342,322,0.563651505,0.436826779,0.347123962,0.507081467,0.581884909,0.372752033,0.472136395,0.385318775,0.382372052,23.0798712,20.56864122,18.66280732,22.09831987,20.96772474,19.63587641,20.26057167,19.55754862,19.52365311,7.980780819,6.692043125,5.304317934,7.116039069,7.787404651,5.395252308,6.43326082,5.232292307,5.1875736,5.55133537,4.166611989,3.37811433,4.790822452,5.55086933,3.565172414,4.32642116,3.504883627,3.292268064,13.12586141,10.09203354,8.389242529,11.98815586,14.43253857,9.253441647,11.36833608,9.302347735,9.336103098,1
0.772382697,0.695201941,0.841903898,0.56557683,0.193796222,0.889334951,0.796078186,1.139694449,0.609648347,3.929487304,3.068672591,2.874709034,2.371698813,2.950194197,1.980133085,1.909903629,1.542359785,1.678659393,2087,1699,1071,1437,1394,1095,1297,613,1031,1.558013235,1.37443353,1.059898716,1.467096322,1.362890357,1.238347723,1.274962756,1.104885102,1.066544617,15.86357769,16.91340957,17.22645714,17.59422438,17.21554274,18.39146649,19.16646196,19.69601918,19.4020666,6.065691032,5.551760352,4.669831783,7.491619058,6.190235577,6.450531534,6.088712012,6.205899932,5.405597834,7.676677458,6.774972538,5.425034072,8.079821278,7.010997204,7.237302353,6.862923267,6.484968697,5.985801899,39.26016849,31.1786162,21.78997284,35.20893006,31.4136221,26.61719241,28.33932124,23.11445545,22.50328936,1
-0.783853057,-0.59859123,1.087966187,0.883593518,0.195405436,1.392777303,0.635450456,1.412634805,0.81561525,7.390602049,6.513650472,4.22611607,3.884474836,3.083246661,3.509722944,2.695652937,3.02283017,3.152300114,220,268,280,328,402,212,370,170,264,0.236814354,0.249150214,0.329164259,0.422565312,0.478329248,0.371798506,0.412913663,0.387559709,0.345472729,18.68394432,19.19415038,21.22709363,21.27969895,23.21637634,20.53495998,22.61338131,20.9491825,21.95839966,2.757350895,2.864813757,3.719273395,5.095954431,4.965442072,4.567292266,4.058346713,4.937368022,3.637380197,2.41747928,2.638243323,3.151325046,3.771025003,4.580878819,3.391769477,4.112284262,3.453858856,3.491506684,6.573088313,6.414669904,7.6801345,10.30725453,11.39807153,8.973595324,9.808464709,9.020667871,8.08342141,1
-0.033765533,0.323028107,0.62624792,-0.253464798,-0.068130302,0.193100045,0.17831183,0.170970521,0.179629073,0.816531872,1.20099871,1.875691101,0.399747178,0.566992201,0.440005762,0.576707314,0.397450591,0.447828821,438,299,147,447,532,358,482,535,514,0.523287284,0.456549242,0.38418632,0.621764938,0.621550391,0.568185186,0.604105886,0.694751249,0.689568657,20.48050042,20.30296145,19.91144448,22.47314471,22.95356296,20.92510056,23.68858114,24.82587894,25.76396798,8.660233641,7.186766692,6.461034453,6.78691652,9.713590871,6.780298523,9.113909014,8.819356233,9.698898228,3.897016398,3.574552057,2.838054889,5.412066911,4.837696262,4.805855797,5.073097704,5.613692836,5.335921202,11.59504946,10.36529854,8.650198766,15.54762741,13.88132474,13.90087418,13.69779829,16.5117393,16.08162105,1
-0.182229678,0.047166496,-0.233756751,0.068552879,-0.022866123,-0.080064688,-0.299039517,-0.056561773,-0.565267153,1.059823051,0.958220839,1.24587023,0.925742871,1.085075395,1.123709018,1.42998083,1.468406363,1.145533704,428,422,350,584,460,460,354,344,276,0.632479956,0.598046655,0.482383441,0.772540204,0.642778394,0.550344874,0.49276033,0.417143028,0.485688514,21.95926945,21.71459723,19.17036931,24.18430703,20.81463388,20.82781521,19.18720067,18.66916672,19.99212651,6.700309213,6.358349616,4.696650373,10.4232383,6.993382559,6.184485968,4.956376722,4.387868548,4.707461335,5.830556207,5.152379116,4.262055041,7.022215235,5.867407765,5.083025047,4.392374385,3.86633829,4.380777905,16.5584014,15.36136168,12.94218045,19.76259372,17.04362205,14.19750317,13.360207,11.20000556,13.31151216,1
-2.70302487,0.848635029,0.752108127,-0.874328202,-1.177981394,-1.012747265,-0.066637757,-1.837361674,0.065917544,60.26108053,5.40446029,3.750466053,10.37965792,15.12721633,4.463873139,7.327052751,5.491983977,12.97247787,174,247,174,178,228,309,200,223,136,0.049915492,0.22315732,0.256439187,0.17494695,0.145471426,0.233294706,0.209083163,0.157247806,0.136993545,12.65701311,17.57490834,18.03671247,15.35006547,14.83702804,16.15956417,17.48104545,14.64198977,15.71738485,0.960397181,2.419135553,2.620057303,2.049819006,1.774314031,2.554233877,2.274930014,2.048827745,1.763618396,0.878322575,2.241034078,2.503836512,2.145655198,1.773115149,2.564037824,2.158901729,1.947831719,1.579668197,2.44413972,6.774352226,7.587459378,6.05873609,5.118560247,7.391826629,6.425409352,5.538014295,4.68262468,1
0.888238957,1.183009623,0.925095488,0.848932142,0.902648558,0.325967989,0.291911749,0.50884229,0.691436181,3.250385105,3.249250023,2.98956012,1.030218022,1.295984843,0.982248316,1.477377788,1.737883566,2.288826913,339,260,237,239,303,404,320,315,276,0.453773535,0.320799405,0.366716465,0.548140485,0.539642818,0.581520469,0.453468156,0.430744546,0.395315178,23.70654233,25.10294127,28.56370061,31.47591291,31.08398527,32.41591751,29.44084229,27.78345554,28.02601594,4.383293873,3.474329901,4.056933558,5.64381671,5.817554525,5.549801831,4.933975886,4.654977647,4.636033634,4.190568525,2.469503698,2.529450505,4.371104651,4.07657705,4.503067674,3.837265889,3.370050361,3.038513311,11.13534021,7.353804155,7.175567276,12.81377718,12.30234659,13.16734719,9.832333095,9.312437324,8.676083368,1
-1.047512757,-0.154676707,0.556168807,0.313010842,0.498781421,0.58965371,0.559772663,0.414491646,1.536746753,31.31551529,5.679017583,4.494646144,2.80195561,5.196343328,2.391472339,3.690881677,9.876162907,41.19037371,466,326,284,469,378,362,430,318,226,0.136799318,0.2873581,0.291028875,0.449700513,0.382599402,0.425824752,0.341997009,0.170372965,0.081521101,10.70818559,15.19956588,17.69161627,16.78318922,15.87031482,19.06386382,15.73117302,13.21752617,10.38701132,2.311171402,3.692595576,3.605120186,5.451386596,5.130913554,4.808926311,4.452686318,2.461146455,1.408446278,2.098121745,3.1421967,3.065689076,4.829519894,4.297239564,4.352706597,3.64307148,2.150561318,1.363606385,4.627619481,8.07000084,8.185070198,12.03430487,10.2288448,11.36912744,9.565380009,5.940994288,3.449779034,1
-0.048626278,0.281065992,-0.244580182,0.18118912,0.181452637,-0.343865651,-0.436404651,-1.059777827,-0.85121128,2.397707738,2.65943707,3.445209451,2.350777555,2.354669484,3.631493433,2.949189631,4.363358192,3.910364439,394,364,298,450,446,270,346,188,202,0.49028818,0.459451993,0.425444253,0.548525946,0.546811624,0.387271224,0.522195897,0.3021243,0.349648788,22.35387464,22.63314051,21.68191694,22.10221127,21.9691192,20.00259659,21.7377833,19.26710359,20.87742483,4.826377296,4.524016312,4.01634044,5.171800942,5.039823791,3.697691729,4.689853346,2.961785731,3.336302364,4.734073391,4.278948976,4.068268478,5.379663012,5.66585857,3.788614683,5.584594392,3.104612378,3.625795103,12.68053301,11.5540887,11.08199221,13.80853926,13.81553143,10.17279107,13.2337317,8.545211479,9.385842862,1
0.203759928,0.332266426,0.018514763,0.364033237,0.226348898,-0.189212789,0.117476005,-0.293242685,-0.060624114,1.498314852,1.440105129,1.123057978,0.763018584,1.358091398,0.827740699,1.184844366,1.139318898,1.257765381,362,266,424,427,381,387,385,335,341,0.510394405,0.423125801,0.535438673,0.557255961,0.465116674,0.522728594,0.477022378,0.460134986,0.500208456,20.71300461,21.02051605,23.04009338,22.8619217,20.47847206,25.05362174,22.20278456,24.16716193,24.75478421,6.351569654,5.822605346,6.348959296,7.446358002,6.288973301,6.885743968,6.428616152,5.748280519,6.574989279,4.854182126,4.029427225,5.119233315,5.266530974,4.570234227,4.565743555,4.386536508,4.325346654,4.511851465,12.75021706,10.15096942,12.95153623,12.68288507,11.39806866,11.76089532,11.17080745,10.49109039,11.93002167,1
-0.789706591,-0.725807162,-0.514439866,-0.172100582,-0.507552222,0.132461712,-0.555930077,-0.322661042,-0.643617815,1.505978586,2.091842352,1.956619264,1.509867036,1.494559109,1.426370358,1.780909445,1.215231708,1.509361614,287,255,297,293,375,303,320,279,316,0.44014862,0.353268033,0.362683072,0.364628708,0.406020371,0.381700599,0.376249952,0.41087551,0.419583771,19.11797304,18.60588631,19.02883878,18.0306179,18.00027451,18.97807592,18.12887414,20.99112596,20.57750015,4.52360136,3.967841672,4.043990519,3.932386004,4.068933115,3.871653979,3.884529829,4.298883084,4.360933151,4.055744199,3.27005904,3.439561304,3.802358439,3.575577044,3.938677699,3.491898308,4.051807032,3.967160947,11.52366532,9.261705748,9.387792764,9.436258603,10.76642296,10.00526289,9.942659472,10.46857183,10.99138558,1
0.703558063,0.752198975,1.248124259,1.098645171,0.538450278,1.575473339,0.737566071,1.666735166,0.887411182,7.975063942,7.498508099,9.036041585,6.325467337,4.444835919,5.325173708,3.808439181,5.137828475,3.256237482,261,239,235,349,359,381,346,323,326,0.247322372,0.215424412,0.176957049,0.28260552,0.350892355,0.287118577,0.379466096,0.247382872,0.415022521,14.3509083,14.46069571,14.26441852,14.45591391,14.96008783,14.90322042,14.69561265,15.56733691,15.61098792,2.936702818,2.61982315,2.240143509,3.022696871,3.56154035,3.188957601,3.661217592,2.829667732,3.862576095,2.574434281,2.299241707,1.985519221,2.858971486,3.327733121,2.978720169,3.681148032,2.70910023,4.112465257,7.305977037,6.60829296,5.696054066,8.461457133,9.715145717,8.713926976,10.42907341,7.700594374,11.05788776,1
1.295448059,1.665236465,1.768053601,1.353813099,1.130467527,1.393021374,0.937040924,1.245682203,0.949718105,3.621505364,5.308751611,5.158546503,2.720848456,2.525108454,3.204597605,2.410178677,2.717130183,2.252266571,281,189,115,205,231,222,299,200,277,0.289979533,0.221540354,0.217139836,0.31899346,0.380504059,0.301547431,0.401815224,0.306928594,0.38129578,17.16268543,16.52515441,16.27657211,16.84263591,17.48466582,17.04331242,17.79519364,17.64331422,18.68916639,3.531927032,2.817880626,2.662383891,3.536151282,4.271386087,3.268090915,4.480801186,3.161525185,4.253961075,3.129314461,2.605441428,2.504007192,3.277570704,3.769552032,3.270315081,4.162295036,3.128433488,3.897665879,7.879114879,6.584482763,6.324414409,8.792018293,10.19603135,8.348136987,10.61119086,8.3767632,9.960102076,1
1.146065636,0.829586962,1.24572357,1.077498422,1.36728233,1.534265602,0.586041623,0.911187134,0.452871418,4.081769186,4.474860928,4.89743367,4.085678037,4.088894052,5.603739915,4.482111241,4.416517151,3.248861783,249,275,211,219,337,189,297,217,277,0.361937485,0.327304451,0.284687933,0.332497821,0.3677463,0.250733678,0.38993234,0.283361826,0.341711645,18.3540923,18.26731489,17.86502912,18.10504222,18.5165219,17.48669551,18.82874863,18.03009952,19.61986369,3.974084956,3.558140957,3.329880916,3.566407686,3.702378966,2.976812921,4.003172924,3.282126425,3.804407261,3.485542005,3.297202039,2.922027527,3.380646768,3.57527861,2.616208053,3.604819778,2.999112185,3.284606643,9.681516733,8.971575408,7.761185402,8.772900814,10.13341551,7.224417243,10.87891307,7.952431576,9.106345237,1
1.606847305,0.767939554,1.898671064,1.324848808,0.991002136,1.799701966,0.737000631,1.290453638,0.128301885,10.17923252,17.40424615,12.64904997,8.680650931,7.632220147,10.61074288,6.126662966,8.960042235,5.640808131,121,53,83,105,141,113,163,127,255,0.272397803,0.167418759,0.185788905,0.269365879,0.297018913,0.207799094,0.298530309,0.218890444,0.289419385,17.84326677,16.85244237,17.98600872,17.69275972,19.63277629,17.49079846,20.7404753,17.94687501,22.05365318,2.836164571,2.167456482,2.291229687,2.898864646,3.106007476,2.400930727,3.026970643,2.492047717,2.889786106,2.853866083,1.961238213,2.094738004,2.879011841,2.935068092,2.366406427,2.847479022,2.415266071,2.790055562,8.453058046,5.896682817,5.885655639,8.186028899,8.678338648,6.727985948,8.419085025,6.746362021,7.85300003,1
-0.140094579,-0.054243268,-0.320071174,0.071448808,-0.122316475,0.025433444,-0.255176546,-0.116406902,-0.307270006,1.147912508,1.436865342,1.41023199,1.049168441,1.214723523,0.898688328,1.269421097,1.211877633,0.964376975,420,332,302,451,428,428,422,312,468,0.547130489,0.47463151,0.457276898,0.559702993,0.585032677,0.552215761,0.541525544,0.460465123,0.605114058,22.82010344,22.58769224,24.03231521,21.25788582,22.61486248,22.35913433,22.07646543,21.75283926,24.97266343,5.885251521,4.835805828,4.666316007,5.996287038,6.660075766,5.291788265,5.811167406,4.373573408,6.882649728,5.42766861,4.700857202,4.410623401,5.584141366,5.701836521,5.520719825,5.262401496,4.617196595,5.973688634,13.65890956,11.65396732,11.21822315,14.11625866,14.64308701,13.63327124,13.69062501,11.32172286,14.68504658,1
-0.90578769,0.573669017,1.334009111,0.429870794,-0.442988764,0.394202074,-0.225880995,0.385686692,-0.071577518,8.98274131,14.36147715,9.972432228,6.693298543,7.581323001,4.566085794,4.731794963,3.435281971,4.384811839,211,179,178,369,279,344,271,289,205,0.239142086,0.161254867,0.194089197,0.365125478,0.305824792,0.376739012,0.365692794,0.347970409,0.320881,15.90777292,15.28803388,16.73955598,16.74203816,16.07289491,18.20593981,18.20362941,19.36524966,18.31780888,2.371893365,1.786433926,2.086633037,3.088912704,2.97481771,3.148048323,3.278045917,2.914221505,2.76050022,2.452173006,1.8733636,2.0754108,3.500204716,3.081855417,3.617872427,3.492364198,3.149989906,3.02329317,6.944911642,5.288301367,5.923040655,10.20139547,8.648582107,10.44995685,9.989808963,9.51383001,8.841865772,1
-0.322922065,-0.156414578,0.07609161,-0.436250784,-0.391715201,-0.233606813,-0.260574939,-0.242469857,-0.226105797,2.830756776,2.91414215,2.231891974,2.021168765,2.156894468,1.856073199,1.993797593,1.680420392,1.689546509,348,372,477,511,548,495,551,498,585,0.527823134,0.51727565,0.582806484,0.682831746,0.664828426,0.693665278,0.719247974,0.661130325,0.752911757,21.06625978,21.57009182,23.34284396,22.30691445,22.60542455,23.47295116,23.25718327,24.88769306,26.10510297,5.628334585,5.510797045,5.973395232,8.444966505,7.138708642,8.564376109,8.259782693,7.739877356,9.025401827,5.283512607,5.2383995,5.8807108,7.920602913,7.330163092,8.499665947,8.328614361,7.581526819,8.99581059,12.59295323,12.38908863,13.85687292,16.2262943,15.8390465,16.42414782,17.24079817,15.39981131,18.33131873,1
0.39646975,0.515358058,1.108775165,0.938537034,0.1786769,1.208629301,0.516060743,1.588215838,1.059993065,3.764209877,4.918635372,6.496444489,5.461871762,2.797503714,5.337875489,2.314318363,4.854849729,2.778343247,265,243,185,213,315,187,403,167,317,0.337592099,0.314720221,0.280443542,0.30814809,0.430055192,0.337801783,0.499789907,0.348080837,0.516733166,16.21040471,16.31750226,16.32164047,15.95632996,17.4241138,16.27776066,18.83945348,17.19520579,19.24591462,3.51713676,3.424888869,3.233652047,3.098199956,4.496202448,3.330311374,5.33785213,3.571446013,5.661024843,3.085074983,2.854334472,2.495092106,2.99995874,3.53022647,3.288368714,3.800384699,3.272526664,3.613828951,9.807854105,9.154074032,8.306490164,9.14020401,11.80830337,9.663208503,13.26845929,9.847832345,13.44211354,1
-0.963704864,-0.801519856,-0.298939185,-0.647649162,-1.16778567,-0.734626064,-1.020418073,-1.072785065,-1.179776098,9.994283076,7.653946878,6.453900357,8.511148768,8.373424826,6.980667218,7.790573846,6.691528874,6.670411173,261,304,303,261,326,363,378,251,378,0.28939132,0.344158881,0.348563824,0.364074993,0.332216773,0.384535186,0.383169461,0.370555276,0.410004438,16.18111242,16.39073923,16.50491389,16.50991699,16.17143248,16.73316565,16.16007568,17.10139823,16.59520218,3.799676764,4.177673089,4.18831669,4.12821401,4.090196535,4.164500331,4.452342058,4.030267815,4.572953681,3.235921421,3.607574219,3.751839145,4.077558077,3.716935187,4.224514315,4.36620124,4.118339074,4.613134387,7.905281208,8.728812382,9.006182238,9.290094839,8.903718583,9.826076479,10.13034892,9.836584956,10.94500316,1
0.397348563,0.625220661,1.514038917,0.527524229,0.073311631,0.878625228,0.438846662,0.911095883,0.584387691,0.472698359,0.66773043,1.588965224,1.171405454,0.262741878,1.627136912,0.560734987,1.462057286,0.426693187,377,229,175,466,559,375,373,277,351,0.571097644,0.513134433,0.299121808,0.557019255,0.680701277,0.390439878,0.467003867,0.341273994,0.603559749,18.92826118,18.29620123,16.74918869,19.22313856,19.28262158,16.86291537,17.48502926,15.00006273,18.43069154,4.93207265,4.760630866,3.236079846,5.291133342,5.38822958,3.565274515,4.02993027,3.59366469,4.854800523,4.986376524,4.36752729,3.063929451,5.091393868,5.94350475,3.811175846,4.349707146,3.17276183,5.450748923,15.05377902,13.52017811,8.99353789,14.34178147,17.55847793,10.68387691,12.73885136,9.480942588,15.99424012,1
-0.841718148,-1.117066113,-1.048848965,-0.594261803,-0.674284809,0.018039791,-1.073185399,0.217472645,-0.841674694,5.530866035,5.014430598,5.226495456,4.900026637,3.738481644,5.564034087,5.266950562,7.055389854,7.023433,441,466,405,488,569,458,444,460,414,0.630638257,0.657048617,0.640240949,0.656828199,0.814710741,0.676074157,0.6630202,0.62372062,0.549029701,23.71121509,25.29718477,25.89683219,22.57049044,24.10886522,22.80545088,24.80479188,24.33282812,26.75555758,5.171382833,5.404735091,5.368804417,5.041042296,6.268100519,5.230562603,4.96656746,4.746605807,4.271310019,5.538277351,5.759488945,5.452743978,5.654131076,7.453141551,6.008553747,5.73395559,5.595924232,4.308361407,16.44637705,17.04716544,16.61194301,17.66751572,22.18472654,18.22816967,17.56669915,16.44289695,13.94490683,1
1.221976219,2.019652325,2.12751293,0.976752182,1.6611917,0.873267266,1.604814719,0.598517373,0.874201633,3.957588942,5.940373674,5.763737284,3.768604258,3.128657307,2.55596869,2.45288067,3.071017435,2.933770241,247,207,193,355,227,359,277,313,331,0.380571483,0.263501736,0.251131239,0.486827027,0.490495154,0.459394465,0.510073385,0.420277681,0.389523048,18.58302706,18.26148279,18.2995298,19.92018473,19.24974431,20.56698128,20.82813506,21.86275998,21.6165933,4.768708154,3.443244313,3.126333729,5.439519409,6.146508589,4.644698957,5.412196407,4.279036368,3.971368016,3.888771872,2.830648161,2.551297689,4.587317822,5.353287964,4.289484357,5.350214012,3.791130486,3.814871883,8.946413752,6.772908435,6.447021357,12.21517118,11.34654018,11.37350984,12.17184117,10.44564856,9.470697691,1
2.280930646,3.933708326,4.283907885,2.235601278,2.555849011,2.809610469,2.902088713,2.743993691,2.830872176,6.255534588,12.29618753,11.65676213,6.59416254,4.887935019,6.383853938,4.833496149,5.135440165,3.723179193,207,173,81,191,129,123,97,121,69,0.177021619,0.117199341,0.107574894,0.168694874,0.165398883,0.153410114,0.161598504,0.170803306,0.196181614,16.50219441,16.14623464,15.7906163,16.07674042,15.9730133,15.97847567,16.09199627,16.76398723,16.72823518,2.275476425,1.826597661,1.774859897,2.26742069,2.005782105,2.022755576,1.995387469,2.298906072,2.358031506,2.052701023,1.482471445,1.46388618,2.079351078,1.94595333,1.920162984,1.955845084,2.137873112,2.360786289,5.808647926,4.058028864,3.710521463,5.603575116,5.591137965,5.048279865,5.491154546,5.606034241,6.118169471,1
0.099269204,-0.016252239,-0.411450112,0.521230164,-0.680097377,0.902118721,-0.648172856,0.697388024,-0.787003185,4.769056858,5.377584607,4.129617715,4.248117921,3.659848513,2.305191014,2.835387065,2.09413098,2.412180812,334,253,246,290,202,319,256,283,224,0.375556148,0.295402515,0.334225432,0.380423276,0.342936577,0.453306247,0.365581291,0.435235547,0.400625126,20.49962827,19.85610347,21.30104061,21.93470078,20.81948254,23.44767216,21.07498465,24.46561449,21.82004075,4.892431855,4.330524464,4.653545407,4.639250741,4.655193725,5.169362777,4.889743734,4.716105942,5.018412017,3.575422365,2.783444872,2.949921884,3.754755464,3.187518399,4.400091427,3.253899637,4.131672216,3.495858791,9.184425016,6.808632108,7.531585071,9.011258923,8.318725771,10.74942752,8.705111872,10.24507495,9.407747205,1
0.375996444,0.543058186,0.711816495,0.026287549,0.545541716,0.509616431,0.75213694,0.686543159,0.824750738,2.656492313,3.814630121,3.930902142,3.16696395,2.654052715,2.829233647,2.082905757,2.160172058,1.805792959,323,323,313,403,337,313,327,381,361,0.350191798,0.287689446,0.278848707,0.384454852,0.357619334,0.331729565,0.402019535,0.404381198,0.413687021,19.23558119,18.04284978,17.72969718,18.48533282,18.78959704,18.74775408,20.58946088,20.9932166,21.55492733,5.194440009,4.565963358,4.477674252,4.676754633,4.831291296,4.713227841,5.38139072,5.425938333,5.915364727,3.173025092,2.68160179,2.661148657,3.517788375,3.125732172,3.120632105,3.344705998,3.661786702,3.733280121,8.652593238,7.102458115,6.657361199,10.40331016,8.980185468,8.209712148,9.581311124,9.440534605,9.404848204,1
1.905526357,2.419106131,2.760846993,2.760458526,1.831611172,2.888506293,2.439000775,2.135326975,2.337156831,2.975819871,4.22492199,4.304611858,3.724526402,2.848913816,4.382618455,3.742921566,2.993159722,3.718612769,165,107,83,117,153,121,99,127,151,0.29224012,0.23812122,0.240614963,0.272484656,0.349279384,0.231800664,0.267254251,0.295942106,0.263068414,15.41705783,15.231408,15.42279719,15.79039199,15.81331952,16.02218272,16.03204416,17.05754072,16.49617006,3.684121109,3.271683452,3.218210691,3.269173103,4.130573447,3.020906305,3.285665927,3.561303144,3.209809112,2.60268194,2.238194514,2.359217182,2.729524522,2.944250584,2.241934254,2.42638036,2.633699852,2.449316066,8.403162165,7.105274364,7.142725225,7.830861822,9.299944359,7.076204062,7.616436259,8.309203519,7.724746981,1
2.041348581,1.426247781,0.905649963,2.024859485,1.033660847,1.518393327,0.390827402,0.470627079,-0.117573168,6.38412706,4.590016522,3.217636219,4.814720291,3.168583694,2.902977343,2.084755714,3.058687977,1.833567077,1503,1411,1229,1357,1555,1105,1645,1131,1211,1.661756803,1.54000498,1.442565445,1.636447128,1.6215528,1.527274831,1.555278256,1.332220553,1.358216744,18.9715532,21.39876505,23.09823145,19.16976866,21.05120059,21.65601548,23.51719965,23.38862164,25.19397217,6.828725583,6.57596271,7.192140521,6.852962838,7.294761865,7.415108663,8.056668168,8.626059227,8.169810683,7.863489355,7.146517327,6.872578909,8.003374534,7.951014995,7.585185631,7.810924436,7.258374368,7.006809676,41.44333603,36.20086718,32.24387016,40.40659908,39.81005963,35.62560005,36.72971435,28.85719861,29.17261648,1
2.049511269,2.715636158,2.475944857,2.629154788,1.999285143,2.903716217,1.917129645,2.393985554,2.040874522,4.142417274,4.601059641,4.316749676,5.409426293,3.918405479,5.608768077,4.29982099,3.877048174,3.825018224,124,86,128,123,166,116,208,136,183,0.328387619,0.310641031,0.320513342,0.269696461,0.326848395,0.227502908,0.309400111,0.272394642,0.33362222,17.88018947,17.73458375,18.98457185,17.3227149,17.57111054,17.60220253,16.91922618,19.38044085,18.85575985,4.067303944,4.015167738,4.107113867,3.252311037,3.964814833,2.939808546,3.931986857,3.316504769,4.030352604,3.325426086,3.119535897,3.012551552,2.867174238,3.346693037,2.486371015,3.228991861,2.782034341,3.221211635,8.787029676,8.152066092,8.354183155,7.660790949,8.813778152,6.653390054,8.538985832,7.463638494,8.673509058,0
-0.195748876,0.242736034,1.020183793,0.629860532,0.200875474,0.910412852,0.568783473,1.122643754,1.201811743,2.920280916,3.472975255,3.04495133,2.64581982,2.12466065,2.35399689,1.974711373,2.335909028,2.54975358,410,420,364,431,476,391,485,341,293,0.512782439,0.475016212,0.495427335,0.583647667,0.597640226,0.577629344,0.593918742,0.535940176,0.503076065,22.6283222,22.21599037,23.32178061,22.06005163,23.94417807,23.95630845,24.43836734,24.93605943,23.80522966,5.077692361,4.794544231,4.950028449,5.909787431,5.93957082,6.049816667,5.647792157,5.440563469,4.699157768,4.442914422,4.261225433,4.586245131,5.665407427,5.352871884,5.71746356,5.510844779,5.249569183,4.521870727,13.17766294,11.78675025,12.27877721,14.60328095,15.16147093,14.14536091,15.39253476,12.89967798,12.86831044,0
-0.293612382,-0.052728279,0.415959488,0.154622134,-0.14076585,0.336821676,-0.109057694,0.310007397,-0.086987962,1.662012064,1.932969069,2.301181017,1.503783242,1.606581625,1.258625995,1.267406622,1.098813075,1.318898026,424,427,359,570,561,541,561,563,473,0.53646152,0.501257232,0.437552597,0.603444971,0.627252937,0.682376934,0.668214293,0.716509489,0.619783217,20.72209576,20.36301497,19.11414603,19.05024678,20.03099008,19.90896132,21.54352465,21.44158089,21.33227332,5.777546931,5.596118688,5.072925958,5.819994844,6.362188807,6.26245891,7.193906935,6.547793378,6.668404553,5.05932773,4.715779488,4.226486732,5.907900109,6.373604785,6.932254508,6.724946537,7.221481849,6.069284395,13.32608765,12.5262678,11.31725877,15.87855147,16.17633022,18.23991155,17.25995197,19.65161017,16.08928857,0
0.328863087,0.754013588,0.991285018,-0.080965674,0.503533225,0.18101674,0.922268372,-0.070861138,0.97156978,2.246567289,2.817289039,3.471231716,1.469077389,3.423154061,1.716655635,2.830004099,1.832383526,3.512302025,331,281,231,409,323,385,383,281,307,0.393236828,0.372949106,0.331477868,0.487131927,0.439754926,0.506571001,0.503706239,0.425071989,0.389473233,23.2665674,25.10984745,24.5939893,22.32474996,21.4863679,22.17411147,23.29619352,23.06393815,24.16630835,3.813068461,3.822719424,3.303093282,4.388558964,4.138091321,4.536685308,4.659043097,3.803103469,3.532859822,3.354428484,3.297473511,3.022856434,4.141894679,4.288393175,5.3748185,5.050039769,4.091518896,3.781918304,9.934824857,9.233111272,7.977795853,13.22552868,11.26857012,13.05732545,12.89422783,10.86429669,9.795994808,0
0.373847702,0.944020229,0.609001786,0.708554137,0.338326532,0.638487135,0.205900195,0.55893652,0.270075937,2.096969511,3.230822807,2.810617476,1.930869451,1.530104426,2.230597904,1.885450382,2.611342493,2.91931214,361,332,311,301,407,299,343,271,316,0.397726748,0.319537778,0.38473034,0.408723422,0.519808548,0.397448889,0.457857544,0.410677347,0.411738526,25.72751554,24.49797152,27.25591866,25.1937486,27.18528673,25.9594943,28.67755349,27.61342175,28.25803952,4.042139604,3.23286063,3.707595643,4.057012458,4.969138716,3.842816915,4.335312552,3.911081214,3.809617279,3.712778913,3.013876994,3.482357913,3.90846292,5.042334595,3.671717625,4.17635352,3.885905765,3.805023918,8.965405395,7.252803825,8.569967824,9.439254756,12.2979226,9.343521383,10.42449954,9.196718707,9.436971214,0
0.360264315,0.466884322,0.437656197,0.517089793,0.195968438,0.56209252,0.030424843,0.038032564,0.155922987,3.006841253,3.329590421,3.024659712,2.118463312,2.54792937,2.546061265,3.088828572,2.141014983,3.180498162,272,294,284,274,322,232,274,316,292,0.406836505,0.328680083,0.343814773,0.40952962,0.372292046,0.364947672,0.355751013,0.4151463,0.365661585,20.66451768,19.86971102,21.14675284,20.76307437,21.14633151,21.37672291,22.92196009,23.51480633,24.33453901,4.889557157,3.936663799,4.013128287,4.842345248,4.511387962,4.474841035,4.004752909,5.076824463,4.118756176,3.9575791,3.409252242,3.547097052,4.171943591,3.654878812,3.600417232,3.487949628,3.829849453,3.368521752,9.975986814,8.711005678,8.756413571,10.47433639,9.547837938,9.324866905,9.080780928,10.1030547,8.60261006,0
-0.797145521,-0.462804565,0.151050958,-0.735992776,-0.679392075,-0.831788669,-0.166289721,-0.800747015,0.175139955,4.447045594,5.148437831,5.151313839,2.778979239,3.261063745,3.601903706,3.350640932,3.919809271,3.503731874,176,174,168,298,244,204,280,176,268,0.247173796,0.244606664,0.25599924,0.400525763,0.328038623,0.300253869,0.296268072,0.266341992,0.285703095,17.62657291,17.5982515,17.05524226,18.47310825,18.4130858,16.97821646,17.2347992,16.36347923,17.45584322,3.198580813,3.225556471,3.374778415,3.986520277,3.983554999,3.474875784,3.449547548,3.270497568,3.633425641,2.720143559,2.756266946,2.864562131,3.770229005,3.39571603,3.197850386,3.201571022,2.874507627,3.185927455,7.043584293,6.743727171,7.02320565,10.54684277,8.599297789,8.332635643,8.122415875,7.221740665,7.722418118,0
0.525917705,0.411186382,0.211971299,0.736029951,0.48872801,0.649591252,0.02308295,0.454240578,0.035048605,2.239062566,2.233339199,2.393344686,2.644819219,1.726683662,2.458042261,1.769502024,1.814540014,1.946128189,449,421,343,354,397,245,367,364,363,0.495936331,0.526430896,0.465812709,0.4658485,0.560342569,0.457581904,0.553288403,0.544935852,0.556498088,22.14017155,22.01581389,21.18314403,20.60129865,23.39694039,21.44872852,23.39390685,23.35641982,21.77368229,5.903640047,6.08425855,5.391858835,5.133403388,6.250196892,5.362359352,6.142795977,6.271173736,6.574830285,4.744874452,5.062527923,4.416828418,4.251214302,5.249750669,4.383330789,5.162945326,5.075838298,5.270451412,12.1530471,12.97417973,11.64558583,12.10654106,13.99203814,11.53505318,13.83968006,13.38446301,14.12035908,0
0.713324587,1.15837172,1.381298752,1.079970199,0.60205256,1.369541028,0.697162048,1.108374544,0.507348558,1.837099594,2.147969187,2.233539322,2.042830501,0.985240005,2.541178469,1.328670616,2.831347482,1.345141847,242,197,215,191,405,225,335,213,351,0.402438334,0.390514031,0.37238167,0.406582826,0.563260142,0.342549565,0.510918369,0.322402049,0.538553802,19.47551037,19.62246592,19.8393313,19.27928047,20.88669204,19.19935408,21.43825956,19.75214926,23.71936789,5.10199429,4.834363904,4.482510588,4.697078034,6.153505003,3.909817198,5.581133253,3.627137769,5.74893413,3.924654835,3.548184703,3.511145727,3.852676666,5.272972406,3.339537911,4.73762139,3.256307764,4.792766013,10.20622689,9.813459252,9.431862205,10.4963308,14.14937383,9.135007538,12.74086296,8.500153629,13.38510042,1
1.934064552,3.494017372,4.974654975,1.662104185,0.729151895,3.024678765,1.483674584,2.809613685,2.000368757,3.529337401,10.39350423,20.30200187,3.842380335,1.761851535,7.437897676,2.475261217,7.192748029,2.645728722,253,197,177,311,387,221,309,187,169,0.383577152,0.172108568,0.110764366,0.412570001,0.57592473,0.224697483,0.447055525,0.216624449,0.387999218,20.34087403,16.91442479,16.16295866,19.46068698,22.5122496,17.75677472,22.35138415,18.91685495,23.53196202,3.508975663,1.994079966,1.615583596,3.718774781,4.601384473,2.506591748,3.717845132,2.497273876,3.440286465,3.364837113,1.909740798,1.369559558,3.884010143,5.364746612,2.34802796,3.974984159,2.106093868,3.260077146,10.80465737,6.059074968,4.355520909,11.62448969,15.12910651,7.157039008,11.8448788,6.725119542,10.27871706,1
2.481667775,3.033528932,3.77717015,2.295334655,1.698478866,2.79988366,1.778291975,2.279167775,2.365845938,9.070356627,12.2392073,16.16586254,7.173477836,4.95220427,7.095410281,5.323734983,5.248821303,6.283252828,245,209,161,239,306,151,257,223,189,0.230289349,0.206074216,0.167578413,0.252942215,0.450180353,0.25399085,0.336164465,0.305790116,0.268805055,21.38353227,21.51172381,20.56730398,20.97227505,26.72232663,22.16149023,23.68967,24.56713498,22.37900399,3.111690769,2.874922466,2.498617535,3.08594795,6.062301925,3.062410059,4.257542586,3.491830555,3.09599214,2.147176015,1.794177984,1.445270216,2.46787949,4.047995269,2.402689034,2.9885918,2.769660386,2.375543785,5.749555624,4.919447269,4.14683744,6.554557217,9.055524792,6.532378468,7.777219448,7.2807657,6.658883719,1
0.525634684,0.871796987,1.624414152,1.139258223,0.289799834,1.603670428,1.494862691,1.057945975,1.627258529,3.165561292,4.173708477,5.362959541,4.10308478,4.152754575,5.24043022,4.555559423,3.906521335,4.856055668,374,269,175,303,294,249,234,305,181,0.481564228,0.389035193,0.316527445,0.474380283,0.438460128,0.407722421,0.401007174,0.437633809,0.3684995,25.28460264,24.45372593,24.42809398,23.60801888,23.25680076,22.0301487,25.99071131,26.50360124,25.42391537,6.498448729,4.826633611,3.550471013,5.519816013,5.197888379,4.319543149,4.202426827,4.302870491,3.711833856,4.764458814,3.554400082,2.785003532,4.610512895,4.055259763,3.644530558,3.439065826,3.649697086,3.175728474,10.37114932,8.321805617,6.885410174,10.72053333,9.758806661,9.751222319,9.185035843,9.817515176,8.427416269,1
-0.062605142,0.081698747,0.131327528,0.005155665,-0.349577256,-0.232962368,0.045070221,0.120807567,0.190666605,1.808740573,2.213987649,2.256553237,2.148195087,1.791712603,2.332410304,2.185206441,3.125486131,2.149559378,361,325,363,475,367,355,305,347,255,0.531420207,0.46568089,0.479465204,0.578079809,0.520230922,0.463143797,0.446703962,0.47644053,0.445463143,23.68325188,24.00384845,23.88636433,22.67308514,23.45377102,21.17261056,23.24470608,22.1657619,24.2181205,5.019662121,4.511744845,4.58195218,5.815169769,4.587277627,4.140670612,4.243817143,5.157137129,4.21912309,4.496435949,3.634303123,3.66302914,4.761326503,4.096249589,3.60454438,3.616772549,4.162938423,3.569067286,13.96842953,11.58309444,12.12289113,14.97068443,13.03252504,11.87545382,11.16727974,11.92566376,10.76739289,1
-0.53074212,-0.250552611,0.710181012,-0.213728223,0.06912606,0.500686383,0.41464319,0.783273109,0.578769386,2.071273917,2.11834406,1.666433045,1.835341872,1.48863709,1.352879029,1.788168622,2.194803251,2.020504986,235,313,293,269,359,335,265,173,213,0.36791369,0.391967718,0.439923114,0.374431137,0.469863819,0.451241889,0.408289904,0.39514216,0.398235368,18.61147324,19.88924563,21.62582486,19.21528872,20.84782425,21.38271973,20.15856794,19.8645118,21.08302672,4.732176634,5.003459664,5.507220538,4.991706539,5.402059893,5.448830575,4.698796446,5.446671901,4.694774599,3.532256966,3.696258782,4.196131201,3.554456078,4.283473352,4.109630174,3.865065382,3.779320581,3.605906176,9.003224343,9.727119165,10.58258456,9.259401155,11.19568559,10.62892712,9.962866246,9.484204078,10.05409032,1
0.0329546,-0.904505119,-1.594722056,-1.282596655,-0.789253577,-2.022737823,-0.523716932,-2.29692819,-0.713820247,12.72128336,9.347180583,5.561344574,7.236220374,9.554291065,6.104102202,5.975696824,5.757609871,5.7192919,186,250,249,225,219,177,236,173,190,0.226623687,0.258497087,0.399552603,0.293083439,0.259334471,0.316770128,0.317763882,0.35452151,0.329516274,17.76706962,19.10122518,21.94526729,18.15476442,17.9569124,18.90334124,18.97990643,20.09971431,19.49334057,2.949713976,3.288098516,4.536693935,3.437379784,3.414868254,3.820813173,3.781594489,4.348511107,3.917689517,2.446415196,2.726995256,3.881438898,2.965678076,2.717033775,3.156937154,3.171584554,3.487696723,3.206358297,7.159725786,7.803476259,10.67845789,8.527497388,7.822089507,8.658690641,8.733906371,8.997354659,8.720367166,1
0.419439478,0.51870657,0.558485967,0.212404253,0.428712972,0.501402705,0.344018784,0.585833368,0.09133537,2.125522657,3.478751312,2.587082622,3.147594111,2.088098396,3.401272471,2.089917462,1.925707126,1.038540531,259,289,253,344,381,299,288,300,344,0.331563779,0.235607477,0.27706975,0.286620762,0.34793481,0.226951984,0.322200593,0.315390828,0.472238297,17.0375651,15.98671358,18.85164013,15.67930468,16.49993188,15.51072015,17.93031481,19.53842812,21.67956673,3.499263066,2.75995118,3.319077123,2.882822088,3.684719398,2.497757677,3.409990716,3.252908311,4.387174762,3.422585019,2.570415418,2.820462341,3.065041152,3.479806877,2.403141494,3.174519035,3.10608505,4.17063247,9.511486727,7.342351137,8.279841426,9.072149125,10.01891336,7.575829244,9.89226486,9.597310544,12.87414614,1
-0.150992854,-0.008957748,-0.034819506,0.152850386,0.545367318,0.347056418,0.806536686,0.217398402,0.78557349,6.484958069,7.888019016,9.62848055,6.172763391,5.227542052,6.145355644,7.045624525,6.339968394,6.827285283,265,267,233,271,423,301,305,237,275,0.39669957,0.332687855,0.259523078,0.409723776,0.50942386,0.377031085,0.370893843,0.316088088,0.311291831,19.26761332,18.84450172,17.54588124,18.81129195,18.74170634,18.06532579,17.66100156,17.92145,18.180374,3.886622294,3.433139923,2.996621414,3.732865072,4.954589755,3.542634205,3.815195868,3.26513481,3.405659098,3.806902871,3.223815589,2.65200708,3.673391071,4.819561813,3.349214709,3.695314312,2.965159093,3.150192528,10.23830511,8.860449732,7.303479356,10.97931332,13.13414784,10.13541967,10.16412966,8.815585039,8.827936106,1
0.093818361,0.761789791,1.022763145,1.750980468,-0.314912936,1.318493037,-0.161355882,1.394680737,0.010625251,2.700343094,4.360825211,4.095037139,12.47520432,4.118567111,11.06462809,2.371451956,7.577544282,1.783598018,750,524,419,263,776,289,815,317,702,0.770797181,0.551075154,0.509910313,0.35813549,0.807112234,0.360454976,0.832989766,0.348324393,0.767756073,20.36685001,18.39143948,18.58510338,15.20244832,19.59078018,15.15295635,20.67877122,15.90072731,21.71900146,6.89210404,5.065543716,5.018300725,3.221740067,7.536955404,3.305104414,8.214088066,3.423931285,7.740860253,6.658647923,4.650074403,4.240270003,3.279724018,7.326741539,3.270157559,7.702103678,3.15176446,6.688204949,20.72050235,14.77702311,13.68990577,10.41815384,21.6738581,10.556734,22.4489383,10.26237508,20.29040506,1
1.02972178,1.262341754,1.528294608,1.386912227,1.221798024,1.649966542,1.449548746,1.323057343,1.133973549,4.436986576,5.272407819,5.107059873,4.25371002,3.970512994,4.345553782,2.849261818,3.501071883,2.384565842,385,255,219,291,349,235,281,249,339,0.519234507,0.380192779,0.298748251,0.466035479,0.521807616,0.344082362,0.468307894,0.344127524,0.445026092,22.18863282,20.44396721,20.35675672,20.11267842,22.50344416,20.02008615,24.13131534,22.00700567,25.58020646,7.747502666,5.545828781,4.505438229,6.006470111,7.090520452,4.53316565,5.97644043,4.512937167,5.848991491,5.561532381,3.806467692,3.068368726,4.74956806,4.994571187,3.481010599,4.171389673,3.46255135,4.055120836,11.10622269,8.533592086,7.313902113,10.9524329,12.14908866,8.449786302,11.11944033,8.302427225,10.05420129,1
0.415950547,0.766733583,0.260686354,0.297689417,0.19631521,0.293826035,0.002695949,0.40054873,0.061106556,2.001203544,2.414260313,0.191273327,1.989060801,1.079781939,1.622596417,1.127623183,1.400595117,1.838403354,299,215,467,397,491,440,531,381,310,0.421676313,0.379497567,0.783707506,0.577915969,0.611390855,0.597032431,0.630851228,0.56033771,0.418740114,18.68930555,18.09482746,21.46468736,17.99375944,19.8117436,19.98384277,20.40899871,22.89861507,20.18631756,3.811361821,3.663539949,7.028144899,5.1526479,5.157136711,5.114955195,5.255607599,4.978830518,3.58449868,3.872962321,3.606477639,7.768320974,5.602500694,5.945106465,6.098918971,6.519823395,5.513584587,4.132638087,11.66711986,10.78935557,21.20748034,15.81027012,16.54296096,15.9807547,17.07158064,14.77990582,11.44748747,1
-1.157693031,-0.473759846,0.066034567,0.051543689,-0.085585094,0.665701555,0.074651312,0.655098007,-0.058507945,2.93572365,2.016249203,1.966750198,1.474467923,1.426317544,1.535290408,1.911676057,1.956066666,1.584429194,235,346,420,634,474,361,374,289,400,0.419343848,0.525519026,0.453472103,0.694334888,0.565559747,0.655653514,0.499939963,0.530596276,0.499706516,17.20938721,19.45896737,18.57067808,18.48128525,18.5946178,18.63445924,18.2534626,18.2493369,19.20625939,3.877177705,4.642937421,4.243169263,6.118605459,4.950069408,5.368437907,4.37722575,4.612283893,4.600511845,4.063949847,5.008406279,4.405654029,6.912466184,5.139403418,6.653088478,4.680522352,5.21416521,4.58947812,11.18285188,13.53392125,11.70779946,18.69033755,14.67609554,17.62485848,13.15491573,14.26821258,13.2195606,1
-0.515761002,-0.407789587,-0.435159151,-0.259263749,-0.207135485,-0.171115023,-0.249842956,-0.321779817,-0.535345936,1.510714901,2.449973275,2.379015121,1.375536206,1.023733817,1.87021304,1.338319187,2.367839777,1.565875831,312,230,190,378,418,348,360,326,370,0.392403518,0.298893583,0.337220387,0.460975085,0.522408905,0.414704098,0.511662096,0.370543641,0.484072213,20.7043618,19.79125153,22.21562782,20.99777746,21.83063386,21.55723914,22.93871434,23.20410655,24.8588282,4.749993347,3.678517005,3.820391688,4.964088814,5.097370964,4.393789132,4.612365927,3.741582015,4.275107083,3.566286842,2.753618131,3.11007948,3.873330105,4.652980048,3.717295548,4.620592417,3.213629918,3.964352923,10.11671445,8.032390574,8.632664235,11.59183117,13.2174196,10.17691696,13.12142915,9.093127633,12.20673081,1
1.25191515,2.041218655,2.566360098,1.948045413,1.074757645,2.529575626,1.409275628,1.94637547,1.088037093,4.455268825,9.318254556,8.405309044,5.154309743,2.995077974,8.496758246,3.641361516,6.043139023,3.585230716,229,201,163,137,317,104,219,139,213,0.374425814,0.270744275,0.21782784,0.264642202,0.437305385,0.202038265,0.379449199,0.255043385,0.345065877,24.58206809,21.45780637,20.63004967,20.43148623,21.37186539,18.7455674,21.55143568,20.24261042,23.47055598,3.949601111,3.307141227,2.602049244,2.725877166,4.092022493,2.241426488,3.580598544,2.464909209,3.215603447,3.032047731,2.599385072,1.957342923,2.356971426,3.830600947,1.974699843,3.512081498,2.414587951,2.808957942,9.206433412,6.917291386,5.959263885,7.171306888,11.61629136,6.020637819,9.944015296,6.955180653,8.919213156,1
